model,train_mse,test_mse
Linear Regression,0.00022514151170668589,0.0003573923266247339
Lasso,0.0002491905877424044,0.0002730161223308492
Ridge,0.001013210518089781,0.0010063577473524278
Elastic Net,0.00026478427564995843,0.0002755343864523172
Random Forest,0.06589626468710895,0.392803493411689
