model,train_mse,test_mse
Linear Regression,0.0002363762177756116,0.00031698752875606873
Lasso,0.0002563307767950407,0.000246316846129776
Ridge,0.001017607803447988,0.0010134060445885962
Elastic Net,0.00027556234545455204,0.00025072575196161736
Random Forest,0.06435467584523767,0.40051783332910235
Stacking Regressor,0.00024789263736735507,0.0002898282840091034
