model,train_mse,test_mse
Linear Regression,0.00023637621777564604,0.0003169875288778216
Lasso,0.00025633077679503583,0.0002463168461297919
Ridge,0.0010176078034475062,0.0010134060445877683
Elastic Net,0.0002755623454545451,0.00025072575196162235
Random Forest,0.06435467584523767,0.40051783332910235
Stacking Regressor,0.0002478926373673544,0.0002898282840091151
