model,train_mse,test_mse,r2_score
Linear Regression,0.0913085787594682,0.13807215962694808,0.0003254223507043186
Lasso,0.12024897726728254,0.10883702870319638,0.21199457591277593
Ridge,0.10259151150696014,0.13564503214454102,0.017898390336660963
Elastic Net,0.1203674031207396,0.10898575713114689,0.21091774747178105
Random Forest,0.019490655802590164,0.1261086861817478,0.08694375508238805
Stacking Regressor,0.03149308268780166,0.11868491062175707,0.14069361832453908
